LAT,LON,HOUSE_ID,ADDRESS,HOUSE_TYPE,LEVELS,LIFTS,RMC,RMC_NLIVE,INHAB,AREA,AREA_LIVE,AREA_NLIVE,AREA_GEN,AREA_LAND,AREA_PARK,CADNO,ENRG_CLS,BLAG_PLAY,BLAG_SPORT,BLAG_OTHER,OTHER,COLD_WATER,HOT_WATER,FUNDAMENT,PEREKRYT,MAT_NES,INOE_OBOR,ELECT_TYPE,ELECT_VVOD,TEPLO_TYPE,GORVODA_TY,HOLVODA_TY,VOTV_TYPE,VOTV_YAM,GAZ_TYPE,VSTK_TYPE
57.609548,61.731948,7649774,"обл. Свердловская, р-н. Алапаевский, с. Арамашево, ул. Пушкарева, д. 12",Не заполнено,2.0,,,,36.33458646616541,966.5,966.5,,,,,,не присвоен,,,,,,,,,,,центральная,,центральная,центральная,центральная,автономная,,центральная,
57.610006,61.729576,8943949,"обл. Свердловская, р-н. Алапаевский, с. Арамашево, ул. Пушкарева, д. 16",Многоквартирный дом,2.0,,8.0,,24.0,602.7,529.7,73.0,0.0,1114.1,,"не,межеван",не присвоен,,,,,Установлен,"Отсутствует, установка не требуется",ленточный,Смешанные,Кирпич,,центральная,,центральная,Отсутствует,центральная,автономная,,Отсутствует,Наружные водостоки
57.611134,61.727699,6705062,"обл. Свердловская, р-н. Алапаевский, с. Арамашево, ул. Пушкарева, д. 18",Многоквартирный дом,2.0,,,,32.0,678.8,630.2,,,,,66:01:5301001:611,не присвоен,,,,,,,ленточный,,,,центральная,,центральная,Не заполнено,центральная,автономная,,Не заполнено,Не заполнено
57.611896,61.727402,6705064,"обл. Свердловская, р-н. Алапаевский, с. Арамашево, ул. Пушкарева, д. 19",Многоквартирный дом,2.0,,,,46.0,781.9,781.9,,,,,66:01:5301001:420,не присвоен,,,,,,,,,,,центральная,,центральная,центральная,центральная,автономная,,центральная,Не заполнено
57.609977,61.731876,7649820,"обл. Свердловская, р-н. Алапаевский, с. Арамашево, ул. Пушкарева, д. 20",Не заполнено,2.0,,,,44.82330827067669,1192.3,1192.3,,,,,,не присвоен,,,,,,,,,,,центральная,,центральная,центральная,центральная,автономная,,центральная,
58.230519,62.433667,9378603,"обл. Свердловская, р-н. Алапаевский, п. Березовский, ул. Ленина, д. 3",Жилой дом блокированной застройки,1.0,,,,1.0,80.0,80.0,0.0,0.0,,,,,,,,,,,,,,,,,,,,,,,
58.230519,62.433667,9083317,"обл. Свердловская, р-н. Алапаевский, п. Березовский, ул. Ленина, д. 5",Жилой дом блокированной застройки,1.0,,,,3.0,80.0,80.0,0.0,0.0,,,,,,,,,,,,,,,,,,,,,,,
58.228771,62.437476,9378604,"обл. Свердловская, р-н. Алапаевский, п. Березовский, ул. Мира, д. 2",Жилой дом блокированной застройки,1.0,,,,1.0,80.0,80.0,0.0,0.0,,,,,,,,,,,,,,,,,,,,,,,
58.228771,62.437476,9310043,"обл. Свердловская, р-н. Алапаевский, п. Березовский, ул. Мира, д. 15",Многоквартирный дом,3.0,,,,40.409774436090224,1074.9,1074.9,,,,,,Не заполнено,,,,,,,,,,,Не заполнено,,Не заполнено,Не заполнено,Не заполнено,Не заполнено,,Не заполнено,Не заполнено
58.231671,62.434071,9310019,"обл. Свердловская, р-н. Алапаевский, п. Березовский, ул. Почтовая, д. 8",Жилой дом блокированной застройки,1.0,,,,6.0,129.3,129.3,0.0,0.0,,,,Не заполнено,,,,,,,,,Деревянные,,Не заполнено,,Не заполнено,Не заполнено,Не заполнено,Не заполнено,,Не заполнено,Не заполнено
58.228159,62.441294,9376871,"обл. Свердловская, р-н. Алапаевский, п. Березовский, ул. Чапаева, д. 2",Жилой дом блокированной застройки,1.0,,,,1.0,80.0,80.0,0.0,0.0,,,,,,,,,,,,,,,,,,,,,,,
57.987604,62.165753,9349685,"обл. Свердловская, р-н. Алапаевский, д. Бобровка, ул. Клубная, д. 1",Жилой дом (индивидуально-определенное здание),1.0,,,,1.0,40.0,40.0,,,,,,,,,,,,,,Деревянные,Деревянные,,,,,,,,,,
57.990939,62.171413,9377058,"обл. Свердловская, р-н. Алапаевский, д. Бобровка, ул. Ленина, д. 4",Жилой дом блокированной застройки,1.0,,,,7.0,74.0,74.0,0.0,0.0,,,,,,,,,,,,,,,,,,,,,,,
57.991674,62.172266,9083073,"обл. Свердловская, р-н. Алапаевский, д. Бобровка, ул. Ленина, д. 27",Жилой дом (индивидуально-определенное здание),1.0,,,,3.0,45.0,45.0,,,,,,,,,,,,,,,,,,,,,,,,,
57.988487,62.167954,7811352,"обл. Свердловская, р-н. Алапаевский, д. Бобровка, ул. Молодежная, д. 2",Многоквартирный дом,1.0,,,,3.0,106.0,87.9,0.0,18.1,,,,Не заполнено,,,,,,,,,,,,,,,,,,,
57.988487,62.167954,9377060,"обл. Свердловская, р-н. Алапаевский, д. Бобровка, ул. Молодежная, д. 3",Жилой дом блокированной застройки,1.0,,,,4.0,76.0,76.0,0.0,0.0,,,,,,,,,,,,,,,,,,,,,,,
57.988487,62.167954,9080612,"обл. Свердловская, р-н. Алапаевский, д. Бобровка, ул. Молодежная, д. 5",Многоквартирный дом,1.0,,,,3.0,104.0,80.7,0.0,23.3,,,,Не заполнено,,,,,,,,,,,,,,,,,,,
57.988487,62.167954,9377022,"обл. Свердловская, р-н. Алапаевский, д. Бобровка, ул. Молодежная, стр. 7",Жилой дом блокированной застройки,1.0,,,,4.0,74.0,74.0,0.0,0.0,,,,,,,,,,,,,,,,,,,,,,,
57.988487,62.167954,9377017,"обл. Свердловская, р-н. Алапаевский, д. Бобровка, ул. Молодежная, стр. 9",Жилой дом блокированной застройки,1.0,,,,1.0,77.0,77.0,0.0,0.0,,,,,,,,,,,,,,,,,,,,,,,
57.98873,62.167882,7811357,"обл. Свердловская, р-н. Алапаевский, д. Бобровка, ул. Молодежная, д. 11",Не заполнено,,,,,9.88,,262.80800000000005,,,,,,,,,,,,,,,,,,,,,,,,,
57.988487,62.167954,7811361,"обл. Свердловская, р-н. Алапаевский, д. Бобровка, ул. Молодежная, д. 13",Жилой дом блокированной застройки,1.0,,,,7.0,72.0,72.0,0.0,0.0,,,,,,,,,,,,,,,,,,,,,,,
57.988487,62.167954,9376893,"обл. Свердловская, р-н. Алапаевский, д. Бобровка, ул. Молодежная, д. 15",Жилой дом блокированной застройки,1.0,,,,4.0,77.4,77.4,0.0,0.0,,,,,,,,,,,,,,,,,,,,,,,
57.990934,62.162259,7811381,"обл. Свердловская, р-н. Алапаевский, д. Бобровка, ул. Новая, д. 2",Не заполнено,,,,,9.88,,262.80800000000005,,,,,,,,,,,,,,,,,,,,,,,,,
57.990934,62.162259,7811386,"обл. Свердловская, р-н. Алапаевский, д. Бобровка, ул. Новая, д. 4",Не заполнено,,,,,9.88,,262.80800000000005,,,,,,,,,,,,,,,,,,,,,,,,,
57.9906,62.161756,7811394,"обл. Свердловская, р-н. Алапаевский, д. Бобровка, ул. Новая, д. 8",Не заполнено,,,,,9.88,,262.80800000000005,,,,,,,,,,,,,,,,,,,,,,,,,
57.990934,62.162259,7811368,"обл. Свердловская, р-н. Алапаевский, д. Бобровка, ул. Новая, д. 10",Не заполнено,,,,,9.88,,262.80800000000005,,,,,,,,,,,,,,,,,,,,,,,,,
57.990934,62.162259,7811371,"обл. Свердловская, р-н. Алапаевский, д. Бобровка, ул. Новая, д. 12",Не заполнено,,,,,9.88,,262.80800000000005,,,,,,,,,,,,,,,,,,,,,,,,,
57.990934,62.162259,7811375,"обл. Свердловская, р-н. Алапаевский, д. Бобровка, ул. Новая, д. 14",Не заполнено,,,,,9.88,,262.80800000000005,,,,,,,,,,,,,,,,,,,,,,,,,
57.990934,62.162259,7811377,"обл. Свердловская, р-н. Алапаевский, д. Бобровка, ул. Новая, д. 16",Не заполнено,,,,,9.88,,262.80800000000005,,,,,,,,,,,,,,,,,,,,,,,,,
58.135903,61.718374,9376908,"обл. Свердловская, р-н. Алапаевский, п. Бубчиково, ул. 1 Мая, д. 46",Жилой дом блокированной застройки,1.0,,,,1.0,75.2,75.2,0.0,0.0,,,,,,,,,,,,,,,,,,,,,,,
58.139376,61.71841,9378704,"обл. Свердловская, р-н. Алапаевский, п. Бубчиково, ул. 1 Мая, д. 49",Жилой дом блокированной застройки,1.0,,,,3.0,98.0,98.0,0.0,0.0,,,,,,,,,,,,,,,,,,,,,,,
58.144781,61.72133,9376860,"обл. Свердловская, р-н. Алапаевский, п. Бубчиково, ул. Гагарина, д. 23",Жилой дом блокированной застройки,1.0,,,,4.0,73.5,73.5,0.0,0.0,,,,,,,,,,,,,,,,,,,,,,,
58.135076,61.71497,8942518,"обл. Свердловская, р-н. Алапаевский, п. Бубчиково, ул. Геологоразведчиков, д. 1",Многоквартирный дом,2.0,,12.0,,38.0,580.4,507.4,146.0,0.0,946.5,,"не,межеван",не присвоен,,,,,Установлен,"Отсутствует, установка не требуется",ленточный,Смешанные,Блочные,,центральная,,центральная,автономная,центральная,автономная,,центральная,Наружные водостоки
58.135632,61.714646,8942519,"обл. Свердловская, р-н. Алапаевский, п. Бубчиково, ул. Геологоразведчиков, д. 2",Многоквартирный дом,2.0,,12.0,,16.0,582.4,510.6,168.0,0.0,947.5,,"не,межеван",не присвоен,,,,,Установлен,"Отсутствует, установка не требуется",ленточный,Смешанные,Блочные,,центральная,,центральная,автономная,центральная,автономная,,центральная,Наружные водостоки
58.135632,61.714646,8942525,"обл. Свердловская, р-н. Алапаевский, п. Бубчиково, ул. Геологоразведчиков, д. 3",Многоквартирный дом,2.0,,12.0,,17.0,526.2,481.2,0.0,0.0,947.5,,"не,межеван",не присвоен,,,,,Установлен,"Отсутствует, установка не требуется",ленточный,Смешанные,Блочные,,центральная,,центральная,автономная,центральная,автономная,,центральная,Наружные водостоки
58.135632,61.714646,8942530,"обл. Свердловская, р-н. Алапаевский, п. Бубчиково, ул. Геологоразведчиков, д. 4",Многоквартирный дом,2.0,,12.0,,11.308270676691729,474.7,300.8,173.0,0.0,945.8,,"не,межеван",не присвоен,,,,,Установлен,"Отсутствует, установка не требуется",ленточный,Смешанные,Блочные,,центральная,,центральная,центральная,центральная,центральная,,центральная,Наружные водостоки
58.142273,61.720494,9085434,"обл. Свердловская, р-н. Алапаевский, п. Бубчиково, ул. Зеленая, д. 17",Жилой дом блокированной застройки,1.0,,,,4.0,72.0,72.0,0.0,0.0,,,,Не заполнено,,,,,,,,,,,,,,,,,,,
58.142943,61.719955,9322878,"обл. Свердловская, р-н. Алапаевский, п. Бубчиково, ул. Зеленая, д. 18",Жилой дом блокированной застройки,1.0,,,,2.706766917293233,72.0,72.0,,,,,,,,,,,,,,,,,,,,,,,,,
58.133831,61.714296,8942532,"обл. Свердловская, р-н. Алапаевский, п. Бубчиково, ул. Комсомольская, д. 1",Многоквартирный дом,2.0,,16.0,,19.860902255639093,729.2,528.3,200.0,0.0,984.7,,"не,межеван",не присвоен,,,,,Установлен,"Отсутствует, установка не требуется",Ленточный,Смешанные,Кирпич,,центральная,,центральная,центральная,центральная,центральная,,центральная,Наружные водостоки
58.134263,61.71532,8942797,"обл. Свердловская, р-н. Алапаевский, п. Бубчиково, ул. Комсомольская, д. 2",Многоквартирный дом,2.0,,12.0,,13.43984962406015,670.1,357.5,258.0,0.0,986.5,,"не,межеван",не присвоен,,,,,Установлен,"Отсутствует, установка не требуется",Ленточный,Смешанные,Панельные,,центральная,,центральная,центральная,центральная,центральная,,центральная,Наружные водостоки
58.133831,61.714296,8942803,"обл. Свердловская, р-н. Алапаевский, п. Бубчиково, ул. Комсомольская, д. 3",Многоквартирный дом,2.0,,12.0,,13.515037593984962,674.6,359.5,260.0,0.0,947.5,,"не,межеван",не присвоен,,,,,Установлен,"Отсутствует, установка не требуется",Ленточный,Смешанные,Панельные,,центральная,,центральная,центральная,центральная,центральная,,центральная,Наружные водостоки
58.134211,61.713425,8942805,"обл. Свердловская, р-н. Алапаевский, п. Бубчиково, ул. Комсомольская, д. 4",Многоквартирный дом,2.0,,12.0,,13.451127819548871,617.0,357.8,259.0,0.0,950.0,,"не,межеван",не присвоен,,,,,Установлен,"Отсутствует, установка не требуется",Ленточный,Смешанные,Панельные,,центральная,,центральная,центральная,центральная,центральная,,центральная,Наружные водостоки
58.133831,61.714296,8942806,"обл. Свердловская, р-н. Алапаевский, п. Бубчиково, ул. Комсомольская, д. 5",Многоквартирный дом,2.0,,12.0,,13.68796992481203,663.8,364.1,249.0,0.0,948.0,,"не,межеван",не присвоен,,,,,Установлен,"Отсутствует, установка не требуется",Ленточный,Смешанные,Панельные,,центральная,,центральная,центральная,центральная,центральная,,центральная,Наружные водостоки
58.134211,61.713425,8942808,"обл. Свердловская, р-н. Алапаевский, п. Бубчиково, ул. Комсомольская, д. 6",Многоквартирный дом,2.0,,12.0,,13.274436090225564,663.0,353.1,255.0,0.0,947.1,,"не,межеван",не присвоен,,,,,Установлен,"Отсутствует, установка не требуется",Ленточный,Смешанные,Панельные,,центральная,,центральная,центральная,центральная,центральная,,центральная,Наружные водостоки
58.133831,61.714296,8942813,"обл. Свердловская, р-н. Алапаевский, п. Бубчиково, ул. Комсомольская, д. 7",Многоквартирный дом,2.0,,12.0,,12.857142857142856,657.9,342.0,270.0,0.0,946.0,,"не,межеван",не присвоен,,,,,Установлен,"Отсутствует, установка не требуется",Ленточный,Смешанные,Панельные,,центральная,,центральная,центральная,центральная,центральная,,центральная,Наружные водостоки
58.134211,61.713425,8942814,"обл. Свердловская, р-н. Алапаевский, п. Бубчиково, ул. Комсомольская, д. 8",Многоквартирный дом,2.0,,12.0,,13.180451127819548,663.0,350.6,259.0,0.0,948.1,,"не,межеван",не присвоен,,,,,Установлен,"Отсутствует, установка не требуется",Ленточный,Смешанные,Панельные,,центральная,,центральная,центральная,центральная,центральная,,центральная,Наружные водостоки
58.133831,61.714296,8942816,"обл. Свердловская, р-н. Алапаевский, п. Бубчиково, ул. Комсомольская, д. 9",Многоквартирный дом,2.0,,18.0,,36.37218045112782,1053.1,967.5,85.0,0.0,1342.1,,"не,межеван",не присвоен,,,,,Установлен,"Отсутствует, установка не требуется",Ленточный,Смешанные,Кирпич,,центральная,,центральная,центральная,центральная,центральная,,центральная,Наружные водостоки
58.13395,61.709634,8942538,"обл. Свердловская, р-н. Алапаевский, п. Бубчиково, ул. Комсомольская, д. 10",Многоквартирный дом,2.0,,24.0,,28.12406015037594,1482.0,748.1,635.0,0.0,1567.1,,"не,межеван",не присвоен,,,,,Установлен,"Отсутствует, установка не требуется",Ленточный,Смешанные,Панельные,,центральная,,центральная,центральная,центральная,центральная,,центральная,Отсутствует
58.13596,61.717853,9080583,"обл. Свердловская, р-н. Алапаевский, п. Бубчиково, ул. Ленина, д. 7",Жилой дом блокированной застройки,1.0,,,,2.0,72.0,72.0,0.0,0.0,,,,Не заполнено,,,,,,,Отсутствует,Деревянные,Деревянные,,,,,,,,,,
58.13596,61.717853,8942817,"обл. Свердловская, р-н. Алапаевский, п. Бубчиково, ул. Ленина, д. 11",Многоквартирный дом,2.0,,16.0,,17.98872180451128,741.2,478.5,262.7,0.0,934.2,,"не,межеван",не присвоен,,,,,Установлен,"Отсутствует, установка не требуется",Ленточный,Смешанные,Блочные,,центральная,,центральная,центральная,центральная,центральная,,центральная,Наружные водостоки
58.134477,61.717045,8942820,"обл. Свердловская, р-н. Алапаевский, п. Бубчиково, ул. Ленина, д. 12",Многоквартирный дом,2.0,,16.0,,17.98872180451128,749.8,478.5,270.6,0.0,953.1,,"не,межеван",не присвоен,,,,,Установлен,"Отсутствует, установка не требуется",Ленточный,Смешанные,Блочные,,центральная,,центральная,центральная,центральная,центральная,,центральная,Наружные водостоки
58.134007,61.717988,8943485,"обл. Свердловская, р-н. Алапаевский, п. Бубчиково, ул. Советская, д. 2",Многоквартирный дом,2.0,,12.0,,13.0,788.2,708.5,0.0,79.7,1204.3,,,Не присвоен,,,,,,,Ленточный,Смешанные,Блочные,,Центральное,,Отсутствует,Отсутствует,Отсутствует,Отсутствует,,Отсутствует,Наружные водостоки
58.134007,61.717988,8943489,"обл. Свердловская, р-н. Алапаевский, п. Бубчиково, ул. Советская, д. 3",Многоквартирный дом,2.0,,8.0,,7.0,440.2,394.4,0.0,45.8,798.5,,,Не заполнено,,,,,,,Ленточный,Смешанные,Блочные,,Не заполнено,,Отсутствует,Отсутствует,Отсутствует,Отсутствует,,Отсутствует,Не заполнено
58.132135,61.720997,8943514,"обл. Свердловская, р-н. Алапаевский, п. Бубчиково, ул. Советская, д. 4",Многоквартирный дом,2.0,,8.0,,17.0,396.6,381.6,0.0,16.0,532.0,,,не присвоен,,,,,,,Ленточный,Смешанные,Блочные,,Центральное,,Печное,Отсутствует,Отсутствует,Отсутствует,,Отсутствует,Отсутствует
58.135632,61.714646,8943526,"обл. Свердловская, р-н. Алапаевский, п. Бубчиково, ул. Советская, д. 5",Многоквартирный дом,2.0,,12.0,,26.669172932330824,794.8,709.4,85.4,0.0,846.1,,"не,межеван",Не присвоен,,,,,"Отсутствует, установка не требуется","Отсутствует, установка не требуется",Ленточный,Смешанные,Блочные,,Центральное,,Отсутствует,Отсутствует,Отсутствует,Отсутствует,,Отсутствует,Отсутствует
58.134007,61.717988,8943531,"обл. Свердловская, р-н. Алапаевский, п. Бубчиково, ул. Советская, д. 6",Многоквартирный дом,2.0,,12.0,,16.0,693.7,693.7,0.0,0.0,816.0,,,не присвоен,,,,,,,Ленточный,Деревянные,Блочные,,Центральное,,Печное,Отсутствует,Центральное,Центральное,,Не заполнено,Не заполнено
58.134007,61.717988,8943563,"обл. Свердловская, р-н. Алапаевский, п. Бубчиково, ул. Советская, д. 8",Многоквартирный дом,2.0,,8.0,,12.0,431.4,386.2,0.0,45.2,505.0,,66:01:1901002:990,не присвоен,,,,,,,Ленточный,Деревянные,Деревянные,,Центральное,,Центральное,Отсутствует,Центральное,Центральное,,Не заполнено,Не заполнено
58.134007,61.717988,9024271,"обл. Свердловская, р-н. Алапаевский, п. Бубчиково, ул. Советская, д. 9",Многоквартирный дом,2.0,,12.0,,12.0,764.7,724.7,0.0,40.0,926.0,,,Не присвоен,,,,,,,Ленточный,Смешанные,Блочные,,Центральное,,Печное,Отсутствует,Отсутствует,Не заполнено,,Отсутствует,Не заполнено
58.132135,61.720997,8942822,"обл. Свердловская, р-н. Алапаевский, п. Бубчиково, ул. Советская, д. 10",Многоквартирный дом,2.0,,16.0,,33.0,797.6,491.6,264.2,0.0,932.6,,"не,межеван",не присвоен,,,,,Установлен,"Отсутствует, установка не требуется",ленточный,Смешанные,Блочные,,центральная,,центральная,Отсутствует,центральная,автономная,,Отсутствует,Отсутствует
58.126299,61.722534,9085580,"обл. Свердловская, р-н. Алапаевский, п. Бубчиково, ул. Советская, д. 31",Жилой дом (индивидуально-определенное здание),1.0,,,,3.0,34.1,34.1,,,,,,,,,,,,,,,,,,,,,,,,,
57.936991,62.452756,9082707,"обл. Свердловская, р-н. Алапаевский, д. Бунькова, ул. Центральная, д. 31",Жилой дом (индивидуально-определенное здание),1.0,,,,1.0,39.9,39.9,,,1800.0,,66:01:3401001:21,,,,,,,,,Деревянные,Деревянные,,,,,,,,,,
57.820482,62.157507,9083047,"обл. Свердловская, р-н. Алапаевский, д. Бутакова, ул. Береговая, д. 4",Жилой дом (индивидуально-определенное здание),1.0,,,,1.0,51.9,51.9,,,,,,,,,,,,,,Деревянные,Деревянные,,,,,,,,,,
57.963436,61.963911,9083112,"обл. Свердловская, р-н. Алапаевский, д. Бучина, ул. Заречная, д. 5",Жилой дом (индивидуально-определенное здание),1.0,,,,1.0,24.0,24.0,,,,,,,,,,,,,,Деревянные,Деревянные,,,,,,,,,,
57.96398,61.964809,9023131,"обл. Свердловская, р-н. Алапаевский, д. Бучина, ул. Заречная, д. 11",Многоквартирный дом,1.0,,4.0,,3.0225563909774436,80.4,80.4,0.0,0.0,157.7,,"не,межеван",Не присвоен,,,,,"Отсутствует, установка не требуется","Отсутствует, установка не требуется",Ленточный,Деревянные,Деревянные,,Центральное,,Печное,Отсутствует,Отсутствует,Отсутствует,,Отсутствует,Отсутствует
57.976071,61.969319,9349712,"обл. Свердловская, р-н. Алапаевский, д. Верхний Яр, ул. Пушкина, д. 27",Жилой дом (индивидуально-определенное здание),,,,,9.88,,262.80800000000005,,,,,,,,,,,,,,,,,,,,,,,,,
57.978409,61.971016,9023138,"обл. Свердловская, р-н. Алапаевский, д. Верхний Яр, ул. Свердлова, д. 9",Многоквартирный дом,1.0,,3.0,,2.255639097744361,60.0,60.0,0.0,0.0,124.1,,"не,межеван",Не присвоен,,,,,,,Ленточный,Деревянные,Деревянные,,Не заполнено,,Отсутствует,Отсутствует,Отсутствует,Не заполнено,,Отсутствует,Отсутствует
57.981015,61.662355,9083155,"обл. Свердловская, р-н. Алапаевский, рп. Верхняя Синячиха, ул. 1 Мая, д. 24",Жилой дом (индивидуально-определенное здание),1.0,,,,3.0,43.8,35.5,8.3,,,,,,,,,,,,,,,,,,,,,,,,
57.981015,61.662355,8944136,"обл. Свердловская, р-н. Алапаевский, рп. Верхняя Синячиха, ул. 1 Мая, д. 33",Жилой дом блокированной застройки,2.0,,3.0,,7.0,106.0,106.0,0.0,0.0,1200.0,,66:01:2301012:191,Не присвоен,,,,,,,Ленточный,Деревянные,Деревянные,,Центральное,,Печное,Отсутствует,Отсутствует,Отсутствует,,Отсутствует,Отсутствует
57.999544,61.682298,9021088,"обл. Свердловская, р-н. Алапаевский, рп. Верхняя Синячиха, ул. Бажова, д. 42",Многоквартирный дом,1.0,,3.0,,5.890977443609022,156.7,156.7,0.0,0.0,156.0,,"не,межеван",Не присвоен,,,,,"Отсутствует, установка не требуется","Отсутствует, установка не требуется",Ленточный,Деревянные,Деревянные,,Центральное,,Печное,Отсутствует,Отсутствует,Отсутствует,,Отсутствует,Отсутствует
57.999263,61.681849,9021082,"обл. Свердловская, р-н. Алапаевский, рп. Верхняя Синячиха, ул. Бажова, д. 44",Многоквартирный дом,1.0,,3.0,,5.94360902255639,158.1,158.1,0.0,0.0,159.0,,"не,межеван",Не присвоен,,,,,"Отсутствует, установка не требуется","Отсутствует, установка не требуется",Ленточный,Деревянные,Деревянные,,Центральное,,Печное,Отсутствует,Отсутствует,Отсутствует,,Отсутствует,Отсутствует
57.997269,61.681858,7804330,"обл. Свердловская, р-н. Алапаевский, рп. Верхняя Синячиха, ул. Бажова, д. 46",Многоквартирный дом,5.0,,48.0,3.0,113.16165413533834,3983.3,3010.1,462.1,498.0,,,,не присвоен,,,,,Установлен,"Отсутствует, установка не требуется",Ленточный,Железобетонные,Панельные,,центральная,,центральная,центральная,центральная,центральная,,центральная,Внутренние водостоки
57.99725,61.681058,7804346,"обл. Свердловская, р-н. Алапаевский, рп. Верхняя Синячиха, ул. Бажова, д. 48",Многоквартирный дом,5.0,,40.0,3.0,134.96240601503757,3968.4,3590.0,890.7,,,,,не присвоен,,,,,Установлен,"Отсутствует, установка не требуется",Ленточный,Железобетонные,Панельные,,центральная,,центральная,центральная,центральная,центральная,,центральная,Наружные водостоки
57.998638,61.680959,7629982,"обл. Свердловская, р-н. Алапаевский, рп. Верхняя Синячиха, ул. Бажова, д. 49",Многоквартирный дом,2.0,,8.0,,19.0,355.6,327.9,0.0,27.7,1840.0,,66:01:2301010:51,Не заполнено,,,,,"Отсутствует, установка не требуется","Отсутствует, установка не требуется",Ленточный,Деревянные,Деревянные,,Центральное,,Отсутствует,Отсутствует,Отсутствует,Автономное,,Отсутствует,Не заполнено
57.998209,61.681391,8942992,"обл. Свердловская, р-н. Алапаевский, рп. Верхняя Синячиха, ул. Бажова, д. 50",Многоквартирный дом,2.0,,8.0,,15.789473684210526,497.4,420.0,77.4,0.0,1843.0,,"не,межеван",не присвоен,,,,,Установлен,Установлен,Ленточный,Смешанные,Кирпич,,центральная,,центральная,центральная,центральная,центральная,,центральная,Наружные водостоки
57.998361,61.680843,7630406,"обл. Свердловская, р-н. Алапаевский, рп. Верхняя Синячиха, ул. Бажова, д. 51",Многоквартирный дом,2.0,,8.0,,24.0,325.7,325.7,0.0,0.0,1640.0,,66:01:2301010:52,Не присвоен,,,,,"Отсутствует, установка не требуется","Отсутствует, установка не требуется",Иной,Деревянные,Деревянные,,Отсутствует,,Отсутствует,Отсутствует,Отсутствует,Автономное,,Отсутствует,Не заполнено
57.998547,61.681588,8943042,"обл. Свердловская, р-н. Алапаевский, рп. Верхняя Синячиха, ул. Бажова, д. 52",Многоквартирный дом,3.0,,18.0,,24.57142857142857,685.4,653.6,31.8,0.0,1370.0,,,не присвоен,,,,,Установлен,Установлен,Ленточный,Смешанные,Блочные,,центральная,,центральная,центральная,центральная,центральная,,центральная,Наружные водостоки
57.998223,61.681328,7602304,"обл. Свердловская, р-н. Алапаевский, рп. Верхняя Синячиха, ул. Бажова, д. 54",Многоквартирный дом,3.0,,30.0,,19.169172932330824,1544.0,509.9,0.0,0.0,0.0,,,не присвоен,,,,,"Отсутствует, установка не требуется","Отсутствует, установка не требуется",Ленточный,Железобетонные,Блочные,,центральная,,центральная,центральная,центральная,центральная,,центральная,Наружные водостоки
57.99808,61.680771,9349647,"обл. Свердловская, р-н. Алапаевский, рп. Верхняя Синячиха, ул. Бажова, д. 55",Многоквартирный дом,,,,,9.88,,262.80800000000005,,,,,,,,,,,,,,,,,,,,,,,,,
57.998657,61.682334,9385232,"обл. Свердловская, р-н. Алапаевский, рп. Верхняя Синячиха, ул. Бажова, д. 56, к. 1",Многоквартирный дом,5.0,,,,82.96992481203007,3203.6,2207.0,0.0,996.6,,,,B+,,,,,,,,Железобетонные,Монолитные,,,,,,,,,,
58.011652,61.687068,7631166,"обл. Свердловская, р-н. Алапаевский, рп. Верхняя Синячиха, ул. Береговая, д. 2",Многоквартирный дом,2.0,,8.0,,14.093984962406013,419.3,374.9,0.0,44.4,0.0,,"не,межёван",не присвоен,,,,,"Отсутствует, установка не требуется","Отсутствует, установка не требуется",ленточный,Деревянные,Деревянные,,центральная,,центральная,Отсутствует,Отсутствует,Отсутствует,,Отсутствует,Отсутствует
58.005749,61.695557,9321167,"обл. Свердловская, р-н. Алапаевский, рп. Верхняя Синячиха, ул. Вокзальная, д. 18",Жилой дом блокированной застройки,1.0,,,,2.642857142857143,94.4,70.3,,,,,,Не заполнено,,,,,,,,,,,,,,,,,,,
58.006664,61.695431,9368417,"обл. Свердловская, р-н. Алапаевский, рп. Верхняя Синячиха, ул. Вокзальная, д. 27",Жилой дом блокированной застройки,1.0,,,,4.0,71.7,71.7,0.0,0.0,1529.0,,66:01:2301002:52,,,,,,,,,,,,,,,,,,,,
58.001647,61.693725,9385325,"обл. Свердловская, р-н. Алапаевский, рп. Верхняя Синячиха, ул. Вокзальная, д. 53",Жилой дом (индивидуально-определенное здание),1.0,,,,3.0,20.9,20.9,0.0,,,,,,,,,,,,,Деревянные,Смешанные,,,,,,,,,,
57.981573,61.644659,9083348,"обл. Свердловская, р-н. Алапаевский, рп. Верхняя Синячиха, ул. Гагарина, д. 1",Жилой дом (индивидуально-определенное здание),1.0,,,,4.0,33.7,33.7,33.7,,,,,,,,,,,,,,,,,,,,,,,,
57.985238,61.651046,9310078,"обл. Свердловская, р-н. Алапаевский, рп. Верхняя Синячиха, ул. Гагарина, д. 37",Многоквартирный дом,2.0,,,,23.838345864661655,634.1,634.1,,,,,,Не заполнено,,,,,,,,,,,Не заполнено,,Не заполнено,Не заполнено,Не заполнено,Не заполнено,,Не заполнено,Не заполнено
57.999721,61.685999,8947617,"обл. Свердловская, р-н. Алапаевский, рп. Верхняя Синячиха, ул. Гоголя, д. 15",Многоквартирный дом,2.0,,8.0,,23.0,324.8,324.8,0.0,0.0,1334.0,,66:01:2301010:39,Не заполнено,,,,,,,Ленточный,Деревянные,Деревянные,,Центральное,,Печное,Отсутствует,Отсутствует,Отсутствует,,Отсутствует,Отсутствует
57.999463,61.685631,6705086,"обл. Свердловская, р-н. Алапаевский, рп. Верхняя Синячиха, ул. Гоголя, д. 17",Многоквартирный дом,2.0,,8.0,,19.0,336.8,324.9,0.0,28.6,80.0,,66:01:2301010:40,не присвоен,,,,,Установлен,"Отсутствует, установка не требуется",ленточный,Деревянные,Деревянные,,центральная,,автономная,центральная,центральная,автономная,,центральная,Отсутствует
57.999239,61.685235,8947622,"обл. Свердловская, р-н. Алапаевский, рп. Верхняя Синячиха, ул. Гоголя, д. 19",Многоквартирный дом,2.0,,8.0,,15.0,327.3,327.3,0.0,0.0,1690.0,,66:01:2301010:41,Не присвоен,,,,,"Отсутствует, установка не требуется","Отсутствует, установка не требуется",Ленточный,Деревянные,Деревянные,,Центральное,,Печное,Отсутствует,Отсутствует,Автономное,,Отсутствует,Не заполнено
57.999277,61.686008,6705087,"обл. Свердловская, р-н. Алапаевский, рп. Верхняя Синячиха, ул. Гоголя, д. 24",Многоквартирный дом,2.0,,8.0,,18.0,345.3,325.2,0.0,28.6,0.0,,66:01:2301010:44,не присвоен,,,,,"Отсутствует, установка не требуется","Отсутствует, установка не требуется",ленточный,Деревянные,Деревянные,,центральная,,автономная,центральная,центральная,автономная,,центральная,Отсутствует
57.999048,61.685604,7629863,"обл. Свердловская, р-н. Алапаевский, рп. Верхняя Синячиха, ул. Гоголя, д. 26",Многоквартирный дом,2.0,,8.0,,31.0,325.3,325.3,0.0,26.1,1280.0,,66:01:2301010:45,Не присвоен,,,,,"Отсутствует, установка не требуется","Отсутствует, установка не требуется",Ленточный,Деревянные,Деревянные,,Центральное,,Печное,Отсутствует,Отсутствует,Автономное,,Отсутствует,Не заполнено
57.983219,61.674483,9080601,"обл. Свердловская, р-н. Алапаевский, рп. Верхняя Синячиха, ул. Горняков, д. 13",Многоквартирный дом,2.0,,,,11.0,368.8,368.8,0.0,0.0,,,,Не заполнено,,,,,,,,,,,,,,,,,,,
57.983515,61.675282,9021351,"обл. Свердловская, р-н. Алапаевский, рп. Верхняя Синячиха, ул. Горняков, д. 14",Многоквартирный дом,1.0,,4.0,,4.575187969924812,121.7,121.7,0.0,0.0,157.0,,,Не присвоен,,,,,"Отсутствует, установка не требуется","Отсутствует, установка не требуется",Ленточный,Деревянные,Деревянные,,Центральное,,Печное,Отсутствует,Отсутствует,Отсутствует,,Отсутствует,Отсутствует
57.984393,61.674734,9080624,"обл. Свердловская, р-н. Алапаевский, рп. Верхняя Синячиха, ул. Горняков, д. 15",Многоквартирный дом,1.0,,,,9.0,290.3,260.3,0.0,30.0,1500.0,,66:01:2301013:255,Не заполнено,,,,,,,,,,,,,,,,,,,
57.98498,61.675884,8948138,"обл. Свердловская, р-н. Алапаевский, рп. Верхняя Синячиха, ул. Горняков, д. 22",Многоквартирный дом,1.0,,4.0,,5.518796992481203,146.8,146.8,0.0,0.0,94.2,,"Не,межеван",Не присвоен,,,,,"Отсутствует, установка не требуется","Отсутствует, установка не требуется",Ленточный,Деревянные,Деревянные,,Центральное,,Печное,Отсутствует,Отсутствует,Отсутствует,,Отсутствует,Отсутствует
57.985467,61.676037,8947628,"обл. Свердловская, р-н. Алапаевский, рп. Верхняя Синячиха, ул. Горняков, д. 24",Многоквартирный дом,2.0,,8.0,,9.793233082706767,392.1,260.5,131.6,0.0,157.2,,"не,межеван",не присвоен,,,,,"Отсутствует, установка не требуется","Отсутствует, установка не требуется",Ленточный,Деревянные,Деревянные,,центральная,,автономная,центральная,центральная,центральная,,центральная,Отсутствует
57.985791,61.676127,8947636,"обл. Свердловская, р-н. Алапаевский, рп. Верхняя Синячиха, ул. Горняков, д. 26",Жилой дом блокированной застройки,2.0,,6.0,1.0,14.0,350.2,350.2,0.0,0.0,133.0,,66:01:2301013:78,Не присвоен,,,,,,,Ленточный,Деревянные,Деревянные,,Центральное,,Печное,Отсутствует,Отсутствует,Отсутствует,,Отсутствует,Отсутствует
57.986927,61.676073,9349688,"обл. Свердловская, р-н. Алапаевский, рп. Верхняя Синячиха, ул. Горняков, д. 34",Жилой дом (индивидуально-определенное здание),1.0,,,,3.0,30.4,30.4,,,,,,,,,,,,,,Деревянные,Деревянные,,,,,,,,,,
57.987084,61.675192,9083339,"обл. Свердловская, р-н. Алапаевский, рп. Верхняя Синячиха, ул. Горняков, д. 35",Жилой дом (индивидуально-определенное здание),1.0,,,,2.0,38.4,38.4,,,,,,,,,,,,,,Деревянные,Деревянные,,,,,,,,,,
57.999539,61.684148,7629875,"обл. Свердловская, р-н. Алапаевский, рп. Верхняя Синячиха, ул. Горького, д. 40",Многоквартирный дом,2.0,,8.0,,21.0,312.7,312.7,0.0,0.0,0.0,,,Не присвоен,,,,,"Отсутствует, установка не требуется","Отсутствует, установка не требуется",Ленточный,Деревянные,Деревянные,,Центральное,,Печное,Отсутствует,Отсутствует,Автономное,,Отсутствует,Наружные водостоки
57.999287,61.683798,6705092,"обл. Свердловская, р-н. Алапаевский, рп. Верхняя Синячиха, ул. Горького, д. 42",Многоквартирный дом,2.0,,8.0,,25.0,348.2,326.2,0.0,28.6,1265.0,,66:01:2301010:31,не присвоен,,,,,"Отсутствует, установка не требуется","Отсутствует, установка не требуется",ленточный,Деревянные,Деревянные,,центральная,,автономная,центральная,центральная,автономная,,центральная,Отсутствует
